PLUM_Class,LC11,LC17
Cropland,0.178653,0.821347
Pasture,0.144927,0.855073
TimberForest,0.199594,0.800406
UnmanagedForest,0.243909,0.756091
OtherNatural,0.262296,0.737704
Barren,0.19609,0.80391
Urban,0.157284,0.842716
