PLUM_Class,LC2,LC9,LC10,LC11,LC17,LC8,LC12,LC16,LC4,LC13,LC5,LC14,LC7,LC6
Cropland,0.175206,0.252006,0.305915,0.005593,0.025714,0.076814,0.017149,0.018424,0.015435,0.001433,0.014777,0.011322,0.074777,0.005435
Pasture,0.146067,0.288033,0.327294,0.003737,0.022046,0.063276,0.011468,0.008566,0.015525,0.001665,0.012815,0.00983,0.085167,0.004511
TimberForest,0.153036,0.278145,0.313139,0.005319,0.02133,0.087738,0.016098,0.02086,0.016862,0.001283,0.013668,0.010339,0.055706,0.006477
UnmanagedForest,0.153513,0.204961,0.316798,0.004545,0.01409,0.077365,0.016208,0.016875,0.021652,0.001971,0.02082,0.007054,0.134123,0.010024
OtherNatural,0.137869,0.148153,0.35851,0.00357,0.010042,0.054402,0.016001,0.024394,0.019012,0.002097,0.010189,0.014976,0.189933,0.010852
Barren,0.088613,0.238521,0.346713,0.002413,0.009894,0.103094,0.014416,0.030694,0.015779,0.002777,0.015292,0.000531,0.12651,0.004751
Urban,0.097983,0.363391,0.284226,0.003275,0.01755,0.092965,0.011229,0.021205,0.03115,0.001014,0.023078,0.002665,0.047323,0.002945
