PLUM_Class,LC2,LC9,LC10,LC11,LC17,LC8,LC12,LC16,LC4,LC13,LC14,LC6,LC1
Cropland,0.192777,0.27533,0.337494,0.005807,0.028336,0.084338,0.018882,0.020305,0.016679,0.001575,0.012482,0.005991,4e-06
Pasture,0.161712,0.318113,0.364571,0.00414,0.023991,0.070299,0.012708,0.009519,0.017264,0.001846,0.010834,0.004989,1.3e-05
TimberForest,0.164442,0.298875,0.336476,0.005715,0.022919,0.094277,0.017298,0.022414,0.018119,0.001379,0.01111,0.00696,1.6e-05
UnmanagedForest,0.181659,0.242557,0.37481,0.005379,0.016676,0.091549,0.019178,0.019969,0.025616,0.002332,0.008348,0.011862,6.6e-05
OtherNatural,0.172309,0.186071,0.446949,0.00461,0.012665,0.067979,0.019996,0.030481,0.02387,0.00262,0.018728,0.013566,0.000156
Barren,0.103253,0.277928,0.403995,0.002812,0.011529,0.120127,0.016797,0.035765,0.018386,0.003236,0.000619,0.005536,1.6e-05
Urban,0.105403,0.390909,0.30575,0.003523,0.018879,0.100005,0.012079,0.022811,0.033508,0.001091,0.002867,0.003168,6e-06
