PLUM_Class,LC9,LC10,LC11,LC17,LC8,LC12,LC16,LC4,LC13,LC7,LC6
Cropland,0.315811,0.382894,0.007003,0.032208,0.096231,0.02148,0.023077,0.019342,0.001795,0.09335,0.006809
Pasture,0.351454,0.392006,0.004527,0.026581,0.07682,0.013869,0.009727,0.018778,0.001984,0.098776,0.005477
TimberForest,0.33794,0.38053,0.006463,0.025921,0.106616,0.019563,0.025349,0.020491,0.001559,0.067696,0.007871
UnmanagedForest,0.250435,0.386965,0.005553,0.017213,0.094503,0.019796,0.020611,0.026449,0.002407,0.163823,0.012244
OtherNatural,0.176378,0.428711,0.004258,0.012059,0.064839,0.019064,0.029209,0.022656,0.002507,0.227411,0.012908
Barren,0.266336,0.387145,0.002695,0.011048,0.115117,0.016097,0.034274,0.017619,0.003101,0.141263,0.005305
Urban,0.414701,0.324358,0.003738,0.020027,0.106091,0.012814,0.024199,0.035548,0.001157,0.054005,0.003361
