PLUM_Class,LC2,LC9,LC10,LC11,LC17,LC8,LC12,LC16,LC13,LC1
Cropland,0.199732,0.286229,0.348894,0.006207,0.02932,0.087434,0.019541,0.021005,0.001632,4e-06
Pasture,0.167219,0.329111,0.376963,0.004281,0.024828,0.072697,0.013144,0.009834,0.00191,1.3e-05
TimberForest,0.170658,0.309937,0.349189,0.005931,0.023786,0.097838,0.017952,0.023262,0.00143,1.7e-05
UnmanagedForest,0.190335,0.254324,0.392773,0.005637,0.017472,0.095928,0.020095,0.020923,0.002444,7e-05
OtherNatural,0.182606,0.196638,0.474055,0.004801,0.013424,0.072008,0.021199,0.032326,0.002777,0.000165
Barren,0.105851,0.28492,0.414159,0.002883,0.011819,0.123149,0.01722,0.036665,0.003318,1.6e-05
Urban,0.109742,0.407004,0.318338,0.003669,0.019656,0.104122,0.012577,0.02375,0.001136,7e-06
